timestamp,original,statuscode,mimetype,digest
20060516092113,http://graphics.millsberry.com:80/,200,text/html,5WZ36F2XTCNLP7OHUVAX5OQBRPPTU3IB
20081119183456,http://graphics.millsberry.com/home/buddy_list/offline.gif,200,image/gif,OI35JJXBI73W6LNJTEHELJM3UYBI6VKR
20050528114256,http://graphics.millsberry.com:80/home/home_v75.swf,200,application/x-shockwave-flash,MFB2QASLAOJCJYUAAOGWJAZ6VZNVYOJQ
20060206221628,http://graphics.millsberry.com:80/home/home_v76.swf,200,application/x-shockwave-flash,PUB7JNR6TQKTGL3BL7FQ5FDD3GPPUB43
20050524160359,http://graphics.millsberry.com/robots.txt,200,unk,I3LYA26UYLOQC3O35LA2ZUNZ4ILF2Y3P
20091017034211,http://www.honeydefender.millsberry.com:80/augmentedreality/unity.html,200,text/html,H7ZMYMMGJ3KNVZGBIPMMV47VPOCOJNTI
20090831100221,http://honeydefender.millsberry.com:80/childPrivacy.aspx,200,text/html,XKXMK3MW6L7ILONJVDUBZBFPP77WXAD4
20091009151056,http://honeydefender.millsberry.com:80/default.aspx,200,text/html,J24I5TATB2VALFDYIVX2RVWYE3R2HC5S
20100913172204,http://honeydefender.millsberry.com:80/honeydefender/comiccreator/ComicGallery.aspx?p=6&s=0&q=,200,text/html,VDJEWVTSILCMSRXOTAJJR54YTDHPYSOU
20101012185445,http://honeydefender.millsberry.com:80/honeydefender/comiccreator/ComicGallery.aspx?p=7&s=0&q=,200,text/html,OHAC4LZ45AKM75EFM2UW2T7UJIFLRL6D
20101026071753,http://honeydefender.millsberry.com:80/honeydefender/comiccreator/ComicGallery.aspx?s=2&q=,200,text/html,H67FI7YM6NYAGREN2E5X7QNR2S4GKM6S
20100804023236,http://honeydefender.millsberry.com:80/honeydefender/comiccreator/ViewComic.aspx?id=CMC36C9A95D,200,text/html,N22XMXLS7FU5DGMWDO323XU5YVBLHIH6
20100913172219,http://honeydefender.millsberry.com:80/honeydefender/comiccreator/ViewComic.aspx?id=CMC3ECE394B,200,text/html,TXOTFILTWIFGESQCZFBXWPY25JIBVILX
20100913172224,http://honeydefender.millsberry.com:80/honeydefender/comiccreator/ViewComic.aspx?id=CMC4628D8,200,text/html,WP325333A3BLS57M73N5O74ZDSFPW7T5
20100912023322,http://honeydefender.millsberry.com:80/honeydefender/comiccreator/ViewComic.aspx?id=CMC66444F80,200,text/html,BXQITUYIYKTBUNZBOMFKWPEDMNQ6S3H7
20100913172249,http://honeydefender.millsberry.com:80/honeydefender/comiccreator/ViewComic.aspx?id=CMCA406819C,200,text/html,QI3ZT4VM2MUD5DHOGEQCP5GZFB7ENJDE
20100913193838,http://honeydefender.millsberry.com:80/honeydefender/comiccreator/ViewComic.aspx?id=CMCA60657FC,200,text/html,QHUC6ZNEN7KVBE3CDF5OR62WUWLHZVGG
20100804023340,http://honeydefender.millsberry.com:80/honeydefender/comiccreator/ViewComic.aspx?id=CMCB655B1A7,200,text/html,QADPBPGREAXLUJSUZ5TGT42TVWWZ7BTA
20101014234545,http://honeydefender.millsberry.com:80/honeydefender/comiccreator/ViewComic.aspx?id=CMCBEE768,200,text/html,7NNKSYTWWBST4XEJGTVIXJ2G4E4XV6PD
20100804023026,http://honeydefender.millsberry.com:80/honeydefender/comiccreator/ViewComic.aspx?id=CMCD07DFB28,200,text/html,TQ4U2POEZNW4KVXGHJ34SEM7OEO7IQZU
20090830072546,http://www.honeydefender.millsberry.com:80/levels.htm,200,text/html,XH54KE22GZV3VZMDKIXC4SF244Y5LFR7
20130718011130,http://www.honeynutcheerios.millsberry.com/,200,text/html,QUJOBETJDA5GF66GVXXT6UCSNNOUKYD2
20060103170019,http://www.honeynutcheerios.millsberry.com/robots.txt,200,unk,KAK47GLBWX73K2UZB6QUFRYHTDYVHPR7
20050307225318,http://www.luckycharmsfun.millsberry.com:80/legend/legal.html,200,text/html,VE3BSV5K4VFA3RFRZT7NOZHVVTQAWLCV
20080708092031,http://www.luckycharms.millsberry.com:80/poc/window-closer.html,200,text/html,NBC775NPVZYLWSOLPPCZQRCTAHNK7JJ4
20090116144348,http://luckycharms.millsberry.com:80/prehistoricPeril/index.html,200,text/html,Y55O6T6W2H3P6GOLPZJBVJ2R44MFM777
20060705091542,http://www.luckycharms.millsberry.com:80/ruby/index.html,200,text/html,A2HVG332HIENFTC7VJMJDLFOZH4O5FNV
20060206184104,http://www.luckycharms.millsberry.com:80/terms.html,200,text/html,GOUTFA3JASMJJ5UEOZDI2D3CSSEYAH3T
20050415205651,http://www.nutsabouthoney.millsberry.com:80/childPrivacy.html,200,text/html,JQ6SDX35HQ3Q6YS2223WUWKSQ3NV6VU6
20050613001031,http://www.sillyrabbit.millsberry.com:80/derby/card.html,200,text/html,UBC2A7ELDDFP47IRPK7PN44YVQW6P2GG
20060206211205,http://www.sillyrabbit.millsberry.com:80/findtherabbit/index.html,200,text/html,SUAPRUWXSK7JVKJT6VYCI3ITHL5CKR4J
20051215224630,http://www.sillyrabbit.millsberry.com:80/halloween/legal.html,200,text/html,6DIXQ2ASRJLVKWQZQ5U6NO74JXAYBJWD
