"host","count","first","last"
"www.millsberry.com","1861","20040710001249","20110924000732"
"graphics.millsberry.com","853","20050519060003","20101202190021"
"millsberry.com","442","20040919101610","20130810123110"
"devgraphics.millsberry.com","395","20060425202826","20070126161749"
"honeydefender.millsberry.com","150","20090831100221","20110722111644"
"dev.millsberry.com","87","20060525014744","20080505223151"
"www.sillyrabbit.millsberry.com","76","20050110031117","20090105160450"
"www.luckycharms.millsberry.com","68","20051024032742","20130717231309"
"www.nutsabouthoney.millsberry.com","43","20050414050037","20090717005524"
"dev2graphics.millsberry.com","37","20061126014447","20061202022322"
"www.honeydefender.millsberry.com","29","20090830072546","20130718012321"
"www.luckycharmsfun.millsberry.com","20","20050115022113","20050826001357"
"www.honeynutcheerios.millsberry.com","8","20060103170019","20130718011131"
"www.cinnamontoastcrach.millsberry.com","7","20130718012057","20130718012058"
"dev2.millsberry.com","3","20061105234712","20061125004925"
"wwww.millsberry.com","1","20051009160235","20051009160235"
"www.java.millsberry.com","1","20071227191140","20071227191140"
"ww.millsberry.com","1","20051021153006","20051021153006"
"ww.honeynutcherrios.millsberry.com","1","20060115205517","20060115205517"
"luckycharms.millsberry.com","1","20090116144348","20090116144348"
"www.millsberry.com.","1","20071027161209","20071027161209"
"htp.millsberry.com","1","20060218170110","20060218170110"
"www.nutsabouthunny.millsberry.com","1","20070107202510","20070107202510"
"www.nutsabouthuny.millsberry.com","1","20070107202443","20070107202443"
"www.sillyrabbir.millsberry.com","1","20060127175341","20060127175341"
"www.www.millsberry.com","1","20080526135515","20080526135515"
"wwwwwwwwwwwwww.millsberry.com","1","20060324183609","20060324183609"
